"INCISO","NOMBREINCISO","UE","NOMBREUE","AÑO","CODIGOAP","NOMBREAP","DESCRIPCIONAP","CODIGOPROGRAMA","NOMBREPROGRAMA","DESCRIPCIONPROGRAMA","INCISOCODIGO","UECODIGO","ue_cod","presupuestado","pfi","pbi"
"A.N.E.P.","Administración Nacional de Educación Pública","CES","Consejo de Educación Secundaria",2019,8,"EDUCACIÓN","Comprende los servicios prestados a alumnos y estudiantes, y los servicios docentes; la formulación y administración de políticas educativas, aplicación de normas, regulación, autorización y supervisión de los centros de enseñanza, así como la investigación aplicada y el desarrollo experimental en relación con los asuntos y servicios docentes; los gastos relacionados con la administración y gestión de centros educativos que imparten educación preescolar, primaria, secundaria y universitaria, así como otras instituciones que brindan formación y capacitación. Comprende la prestación de servicios auxiliares de la educación, como transporte, seguridad, alimentación, alojamiento, atención médica y odontológica y otros servicios auxiliares conexos. Comprende además las escuelas y academias militares, las escuelas de policía que imparten enseñanza general y la formación para el servicio exterior.",608,"Inversiones edilicias y equipamiento"," ",25,3,25003,74350819,"Inversión",".003465"
"A.N.E.P.","Administración Nacional de Educación Pública","CFed","Consejo de Formación en Educación",2015,8,"EDUCACIÓN","Comprende los servicios prestados a alumnos y estudiantes, y los servicios docentes; la formulación y administración de políticas educativas, aplicación de normas, regulación, autorización y supervisión de los centros de enseñanza, así como la investigación aplicada y el desarrollo experimental en relación con los asuntos y servicios docentes; los gastos relacionados con la administración y gestión de centros educativos que imparten educación preescolar, primaria, secundaria y universitaria, así como otras instituciones que brindan formación y capacitación. Comprende la prestación de servicios auxiliares de la educación, como transporte, seguridad, alimentación, alojamiento, atención médica y odontológica y otros servicios auxiliares conexos. Comprende además las escuelas y academias militares, las escuelas de policía que imparten enseñanza general y la formación para el servicio exterior.",5,"Formación en Educación","Formación de profesionales de la educación, incluyendo la formación de educadores sociales. La Ley General de Educación Nº 18.43, en su artículo nro. 31 define la formación en educación. Ésta... '""se concebirá como enseñanza terciaria universitaria y abarcará la formación de maestros, maestros técnicos, profesores, profesores de educación física y educadores sociales, así como de otras formaciones que el Sistema Nacional de Educación requiera'"".",25,5,25005,117396841,"Funcionamiento",".007937"
"A.N.E.P.","Administración Nacional de Educación Pública","CFed","Consejo de Formación en Educación",2015,8,"EDUCACIÓN","Comprende los servicios prestados a alumnos y estudiantes, y los servicios docentes; la formulación y administración de políticas educativas, aplicación de normas, regulación, autorización y supervisión de los centros de enseñanza, así como la investigación aplicada y el desarrollo experimental en relación con los asuntos y servicios docentes; los gastos relacionados con la administración y gestión de centros educativos que imparten educación preescolar, primaria, secundaria y universitaria, así como otras instituciones que brindan formación y capacitación. Comprende la prestación de servicios auxiliares de la educación, como transporte, seguridad, alimentación, alojamiento, atención médica y odontológica y otros servicios auxiliares conexos. Comprende además las escuelas y academias militares, las escuelas de policía que imparten enseñanza general y la formación para el servicio exterior.",5,"Formación en Educación","Formación de profesionales de la educación, incluyendo la formación de educadores sociales. La Ley General de Educación Nº 18.43, en su artículo nro. 31 define la formación en educación. Ésta... '""se concebirá como enseñanza terciaria universitaria y abarcará la formación de maestros, maestros técnicos, profesores, profesores de educación física y educadores sociales, así como de otras formaciones que el Sistema Nacional de Educación requiera'"".",25,5,25005,38107510,"Inversión",".002576"
"A.N.E.P.","Administración Nacional de Educación Pública","CFed","Consejo de Formación en Educación",2015,8,"EDUCACIÓN","Comprende los servicios prestados a alumnos y estudiantes, y los servicios docentes; la formulación y administración de políticas educativas, aplicación de normas, regulación, autorización y supervisión de los centros de enseñanza, así como la investigación aplicada y el desarrollo experimental en relación con los asuntos y servicios docentes; los gastos relacionados con la administración y gestión de centros educativos que imparten educación preescolar, primaria, secundaria y universitaria, así como otras instituciones que brindan formación y capacitación. Comprende la prestación de servicios auxiliares de la educación, como transporte, seguridad, alimentación, alojamiento, atención médica y odontológica y otros servicios auxiliares conexos. Comprende además las escuelas y academias militares, las escuelas de policía que imparten enseñanza general y la formación para el servicio exterior.",5,"Formación en Educación","Formación de profesionales de la educación, incluyendo la formación de educadores sociales. La Ley General de Educación Nº 18.43, en su artículo nro. 31 define la formación en educación. Ésta... '""se concebirá como enseñanza terciaria universitaria y abarcará la formación de maestros, maestros técnicos, profesores, profesores de educación física y educadores sociales, así como de otras formaciones que el Sistema Nacional de Educación requiera'"".",25,5,25005,1616869527,"Personal",".109327"
"A.N.E.P.","Administración Nacional de Educación Pública","CFed","Consejo de Formación en Educación",2016,8,"EDUCACIÓN","Comprende los servicios prestados a alumnos y estudiantes, y los servicios docentes; la formulación y administración de políticas educativas, aplicación de normas, regulación, autorización y supervisión de los centros de enseñanza, así como la investigación aplicada y el desarrollo experimental en relación con los asuntos y servicios docentes; los gastos relacionados con la administración y gestión de centros educativos que imparten educación preescolar, primaria, secundaria y universitaria, así como otras instituciones que brindan formación y capacitación. Comprende la prestación de servicios auxiliares de la educación, como transporte, seguridad, alimentación, alojamiento, atención médica y odontológica y otros servicios auxiliares conexos. Comprende además las escuelas y academias militares, las escuelas de policía que imparten enseñanza general y la formación para el servicio exterior.",601,"Administración de la Educación y Gestión de Políticas Transversales"," ",25,5,25005,25856879,"Funcionamiento",".001586"
