Department Family Name,Entity,Date,Expense Type,Expense Area,Supplier,Transaction No,Amount
Ministry of Justice,Legal Services Commission,13/05/2010,Professional Fees,LSC Admin,CAP GEMINI UK PLC,2.60201E+13,"345,397.13"
Ministry of Justice,Legal Services Commission,18/05/2010,Equipment Relocation,LSC Admin,M J FERGUSON LTD,SIN000953,"16,859.11"
Ministry of Justice,Legal Services Commission,18/05/2010,CIP Leasehold Refurbishments,LSC Admin Balance Sheet,M J FERGUSON LTD,SIN000953,"34,524.99"
Ministry of Justice,Legal Services Commission,18/05/2010,Services Charge,LSC Admin,BNP PARIBAS REAL ESTATE CLIENTS,5750/892,"47,191.78"
Ministry of Justice,Legal Services Commission,18/05/2010,Hire of Committee Rooms,LSC Admin,CENTRAL LAW TRAINING LTD,3950757,"28,550.15"
Ministry of Justice,Legal Services Commission,25/05/2010,IT Consultants,LSC Admin,CAP GEMINI UK PLC,2.60201E+13,"72,696.08"
Ministry of Justice,Legal Services Commission,25/05/2010,IT Consultants,LSC Admin,CAP GEMINI UK PLC,2.60201E+13,"48,234.93"
Ministry of Justice,Legal Services Commission,25/05/2010,IT Consultants,LSC Admin,CAP GEMINI UK PLC,2.60201E+13,"84,811.50"
Ministry of Justice,Legal Services Commission,27/05/2010,CIP Intangible assets,LSC Admin Balance Sheet,EDENBROOK LTD,14000001111,"68,308.74"
Ministry of Justice,Legal Services Commission,28/05/2010,SAS Annual Fees & Licence,LSC Admin,SAS SOFTWARE LTD,UK-00614/10,"186,543.05"
Ministry of Justice,Legal Services Commission,13/05/2010,TOG HMCS SLA,LSC Admin,HER MAJESTYS COURT SERVICE,IAR101HMCS/9054,"2,375,271.28"
Ministry of Justice,Legal Services Commission,18/05/2010,HMCS - CCMT Costs,LSC Admin,HER MAJESTYS COURT SERVICE,IAB106HMCS/9166,"43,373.22"
Ministry of Justice,Legal Services Commission,18/05/2010,Managed Central Processor,LSC Admin,MINISTRY OF JUSTICE,IPT100HQ/5055,"632,632.93"
Ministry of Justice,Legal Services Commission,18/05/2010,Managed Central Processor,LSC Admin,MINISTRY OF JUSTICE,IPT100HQ/5054,"370,854.68"
