Dept Family,Entity,Date,Expenditure Type,Expenditure Area,Supplier,Ref No,Amount
Ministry of Justice,Youth Justice Board,13/05/2010,LASCH - Basic Sentenced,Secure Accommodation,Salford City Council,PI11/3/015,"368,022.39"
Ministry of Justice,Youth Justice Board,13/05/2010,YJB Contribution to Healthcare,Secure Accommodation,Wakefield PCT,PI11/2/362,"41,000.00"
Ministry of Justice,Youth Justice Board,14/05/2010,Youth Advocacy Services Secure,Secure Accommodation,Barnardo's,PI11/2/406,"42,429.51"
Ministry of Justice,Youth Justice Board,17/05/2010,HMPS Escorts,Secure Accommodation,HM Prison Service,PI11/2/437,"1,517,708.34"
Ministry of Justice,Youth Justice Board,18/05/2010,HM Prison Service-Basic Contract,Secure Accommodation,HM Prison Service,PI11/2/454,"9,665,622.00"
Ministry of Justice,Youth Justice Board,18/05/2010,Secure Accommodation ,Secure Accommodation,HM Prison Service,PI11/2/454,"83,823.00"
Ministry of Justice,Youth Justice Board,20/05/2010,Grant payable for development,Performance Directorate,Trafford MBC,PI11/2/550,"46,902.00"
Ministry of Justice,Youth Justice Board,26/05/2010,LASCH - Basic Sentenced,Secure Accommodation,Leeds City Council,PI11/2/562,"491,060.00"
Ministry of Justice,Youth Justice Board,27/05/2010,Programme Support Costs,Secure Accommodation,Deloitte,PI11/2/566,"25,773.04"
Ministry of Justice,Youth Justice Board,28/05/2010,Grant payable for development,Secure Accommodation,Lucy Faithful Foundation,PI11/3/044,"50,903.00"
Ministry of Justice,Youth Justice Board,31/05/2010,STC - Basic Contract,Secure Accommodation,STC Milton Keynes Ltd,PI11/3/050,"1,414,224.85"
Ministry of Justice,Youth Justice Board,31/05/2010,YJ Practitioner Training,Strategy Directorate,Ecotec Ltd,PI11/3/213,"452,056.58"
Ministry of Justice,Youth Justice Board,31/05/2010,YJ Practitioner Training,Strategy Directorate,Ecotec Ltd,PI11/3/214,"26,054.34"
