Classement;Quartier;Date;Année;Occupancy rate;Average Price;RevPAR;Source
3 stars;All;01-01-13;2013;0,611553068;81,20416129;49,66065393;Mkg
4 stars;All;01-01-13;2013;0,559014092;111,0309761;62,06788035;Mkg
5 stars;All;01-01-13;2013;0,560899356;154,448997;86,63034297;Mkg
All;All;01-01-13;2013;0,57902577;105,2894972;60,96533217;Mkg
All;Autour du Ring;01-01-13;2013;0,537395051;98,81193134;53,10104286;Mkg
All;Brussels Airport;01-01-13;2013;0,597049024;107,5618794;64,21971514;Mkg
All;Grand Place & environs;01-01-13;2013;0,634968923;104,6976059;66,47972603;Mkg
All;Quartier Louise;01-01-13;2013;0,513373436;111,1736409;57,07359407;Mkg
All;Quartier Européen;01-01-13;2013;0,561537344;129,7802303;72,8764458;Mkg
All;Rogier/Botanique;01-01-13;2013;0,5353682;99,77129327;53,41437768;Mkg
All;Midi-Lemonnier;01-01-13;2013;0,580981621;73,19458014;42,52470581;Mkg
3 stars;All;01-02-13;2013;0,65089105;85,33849997;55,54606583;Mkg
4 stars;All;01-02-13;2013;0,633696063;113,7582395;72,08814846;Mkg
5 stars;All;01-02-13;2013;0,596861761;163,5288013;97,60408835;Mkg
All;All;01-02-13;2013;0,637414853;109,396682;69,73106994;Mkg
All;Autour du Ring;01-02-13;2013;0,545315558;95,55994729;52,11032595;Mkg
All;Brussels Airport;01-02-13;2013;0,628688514;110,4023806;69,40251139;Mkg
All;Grand Place & environs;01-02-13;2013;0,697161096;112,0541087;78,11976529;Mkg
All;Quartier Louise;01-02-13;2013;0,574464633;113,5381196;65,22363424;Mkg
All;Quartier Européen;01-02-13;2013;0,674308237;136,8641855;92,28864758;Mkg
All;Rogier/Botanique;01-02-13;2013;0,592637604;103,5884598;61,3904166;Mkg
All;Midi-Lemonnier;01-02-13;2013;0,657757497;75,03807376;49,35685556;Mkg
3 stars;All;01-03-13;2013;0,702744174;93,93426087;69,31592758;Mkg
4 stars;All;01-03-13;2013;0,707585548;121,4566728;85,94098632;Mkg
5 stars;All;01-03-13;2013;0,666581938;175,0190418;116,6645321;Mkg
All;All;01-03-13;2013;0,714846561;117,8405341;84,23790057;Mkg
All;Autour du Ring;01-03-13;2013;0,598099867;92,10043498;55,08525795;Mkg
All;Brussels Airport;01-03-13;2013;0,686309886;111,3586424;76,42653719;Mkg
All;Grand Place & environs;01-03-13;2013;0,769953901;125,903909;96,94020594;Mkg
All;Quartier Louise;01-03-13;2013;0,667183019;121,2024755;80,86423353;Mkg
All;Quartier Européen;01-03-13;2013;0,747965708;139,867434;104,6160443;Mkg
All;Rogier/Botanique;01-03-13;2013;0,672850754;114,3924487;76,96904529;Mkg
All;Midi-Lemonnier;01-03-13;2013;0,817176263;88,84629954;72,60308702;Mkg
3 stars;All;01-04-13;2013;0,745909707;98,57660269;73,52924478;Mkg
4 stars;All;01-04-13;2013;0,711862378;125,7738604;89,53367937;Mkg
5 stars;All;01-04-13;2013;0,6449235;186,4703538;120,2591132;Mkg
All;All;01-04-13;2013;0,716446;122,7651388;87,95459267;Mkg
All;Autour du Ring;01-04-13;2013;0,669520548;97,27554987;65,12797945;Mkg
All;Brussels Airport;01-04-13;2013;0,696688054;111,681415;77,80710771;Mkg
All;Grand Place & environs;01-04-13;2013;0,766918292;130,0280814;99,72091418;Mkg
All;Quartier Louise;01-04-13;2013;0,657629595;128,3569025;84,41129777;Mkg
All;Quartier Européen;01-04-13;2013;0,694169169;148,5077797;103,089522;Mkg
All;Rogier/Botanique;01-04-13;2013;0,6917703;123,5767826;85,48674799;Mkg
All;Midi-Lemonnier;01-04-13;2013;0,817687962;94,04892373;76,90267275;Mkg
3 stars;All;01-05-13;2013;0,793551273;83,95388838;66,62171497;Mkg
4 stars;All;01-05-13;2013;0,766859815;105,9205271;81,22619583;Mkg
5 stars;All;01-05-13;2013;0,723170468;166,7705322;120,6035237;Mkg
All;All;01-05-13;2013;0,771097238;105,4613874;81,32098458;Mkg
All;Autour du Ring;01-05-13;2013;0,714703933;83,48160445;59,66463102;Mkg
All;Brussels Airport;01-05-13;2013;0,728005608;96,34653098;70,14081488;Mkg
All;Grand Place & environs;01-05-13;2013;0,81760169;114,8594149;93,90925175;Mkg
All;Quartier Louise;01-05-13;2013;0,739470517;115,7311551;85,57977717;Mkg
All;Quartier Européen;01-05-13;2013;0,758834182;127,574201;96,80766445;Mkg
All;Rogier/Botanique;01-05-13;2013;0,759690288;96,89939438;73,61352887;Mkg
All;Midi-Lemonnier;01-05-13;2013;0,859528115;86,2832999;74,16292215;Mkg
3 stars;All;01-06-13;2013;0,778863031;90,59184581;70,55863964;Mkg
4 stars;All;01-06-13;2013;0,77443506;116,055983;89,87782213;Mkg
5 stars;All;01-06-13;2013;0,71547878;181,9213662;130,1608772;Mkg
All;All;01-06-13;2013;0,768777434;115,2521634;88,60326249;Mkg
All;Autour du Ring;01-06-13;2013;0,694691781;94,82907896;65,87698174;Mkg
All;Brussels Airport;01-06-13;2013;0,768502177;105,933193;81,4098894;Mkg
All;Grand Place & environs;01-06-13;2013;0,801751382;124,4892044;99,80939161;Mkg
All;Quartier Louise;01-06-13;2013;0,737892348;126,4214833;93,28544512;Mkg
All;Quartier Européen;01-06-13;2013;0,781123507;139,7020538;109,1245582;Mkg
All;Rogier/Botanique;01-06-13;2013;0,76946053;107,9621177;83,07258836;Mkg
All;Midi-Lemonnier;01-06-13;2013;0,715504648;89,01505267;63,69068393;Mkg
3 stars;All;01-07-13;2013;0,724395876;65,52033213;47,46265839;Mkg
4 stars;All;01-07-13;2013;0,664492411;81,86375693;54,3978452;Mkg
5 stars;All;01-07-13;2013;0,598372588;135,9741407;81,36319846;Mkg
All;All;01-07-13;2013;0,677019677;81,82478061;55,39698651;Mkg
All;Autour du Ring;01-07-13;2013;0,607269112;71,89167637;43,65759445;Mkg
All;Brussels Airport;01-07-13;2013;0,727158353;74,86474491;54,4385246;Mkg
All;Grand Place & environs;01-07-13;2013;0,756907283;88,54762531;67,0223425;Mkg
All;Quartier Louise;01-07-13;2013;0,607229465;89,72360037;54,48281385;Mkg
All;Quartier Européen;01-07-13;2013;0,654445307;97,76116199;63,97933369;Mkg
All;Rogier/Botanique;01-07-13;2013;0,609587748;75,67200271;46,12872572;Mkg
All;Midi-Lemonnier;01-07-13;2013;0,59770595;66,12890287;39,52563874;Mkg
3 stars;All;01-08-13;2013;0,718377322;60,70778507;43,61109604;Mkg
4 stars;All;01-08-13;2013;0,660628636;70,73369616;46,72870523;Mkg
5 stars;All;01-08-13;2013;0,606069797;118,0305808;71,5347702;Mkg
All;All;01-08-13;2013;0,673639371;72,48998842;48,8321102;Mkg
All;Autour du Ring;01-08-13;2013;0,593460009;73,70572506;43,74140024;Mkg
All;Brussels Airport;01-08-13;2013;0,631758137;66,69013365;42,13203459;Mkg
All;Grand Place & environs;01-08-13;2013;0,780002734;78,73243669;61,41151586;Mkg
All;Quartier Louise;01-08-13;2013;0,629058979;82,86979984;52,12999172;Mkg
All;Quartier Européen;01-08-13;2013;0,626686402;74,13455105;46,45911506;Mkg
All;Rogier/Botanique;01-08-13;2013;0,654141577;65,91578697;43,11825684;Mkg
All;Midi-Lemonnier;01-08-13;2013;0,614316926;62,50666789;38,39890406;Mkg
3 stars;All;01-09-13;2013;0,80684184;104,4390503;84,2657955;Mkg
4 stars;All;01-09-13;2013;0,78119631;126,6202318;98,91525786;Mkg
5 stars;All;01-09-13;2013;0,727249071;181,7785692;132,1982955;Mkg
All;All;01-09-13;2013;0,7832907;125,034417;97,93829599;Mkg
All;Autour du Ring;01-09-13;2013;0,721689498;107,3599652;77,48055936;Mkg
All;Brussels Airport;01-09-13;2013;0,746979787;115,4774502;86,25932118;Mkg
All;Grand Place & environs;01-09-13;2013;0,821842035;137,5999924;113,0854578;Mkg
All;Quartier Louise;01-09-13;2013;0,726742073;129,6388752;94,21402489;Mkg
All;Quartier Européen;01-09-13;2013;0,77482731;145,2541264;112,5468641;Mkg
All;Rogier/Botanique;01-09-13;2013;0,814381271;117,0694664;95,33918085;Mkg
All;Midi-Lemonnier;01-09-13;2013;0,79186587;102,2007379;80,92927623;Mkg
3 stars;All;01-10-13;2013;0,794686716;97,80099636;77,72115262;Mkg
4 stars;All;01-10-13;2013;0,772156518;120,1858993;92,80232554;Mkg
5 stars;All;01-10-13;2013;0,762286306;173,1846735;132,016305;Mkg
All;All;01-10-13;2013;0,77969405;118,7246481;92,56890174;Mkg
All;Autour du Ring;01-10-13;2013;0,685925762;95,28415687;65,35785793;Mkg
All;Brussels Airport;01-10-13;2013;0,717182449;110,0489182;78,9251527;Mkg
All;Grand Place & environs;01-10-13;2013;0,848728795;126,0299223;106,9652241;Mkg
All;Quartier Louise;01-10-13;2013;0,752384697;124,3153996;93,5330042;Mkg
All;Quartier Européen;01-10-13;2013;0,785371412;142,3441611;111,7930348;Mkg
All;Rogier/Botanique;01-10-13;2013;0,771344919;115,8018051;89,32313397;Mkg
All;Midi-Lemonnier;01-10-13;2013;0,807094204;94,56534634;76,32314291;Mkg
3 stars;All;01-11-13;2013;0,796652404;92,17587722;73,43213416;Mkg
4 stars;All;01-11-13;2013;0,759537359;115,2846342;87,56298661;Mkg
5 stars;All;01-11-13;2013;0,765171212;163,3564271;124,9956353;Mkg
All;All;01-11-13;2013;0,771430281;113,322446;87,42036642;Mkg
All;Autour du Ring;01-11-13;2013;0,660673516;89,90159136;59,39560046;Mkg
All;Brussels Airport;01-11-13;2013;0,664051372;110,8731117;73,62544191;Mkg
All;Grand Place & environs;01-11-13;2013;0,845268057;119,50981;101,0178248;Mkg
All;Quartier Louise;01-11-13;2013;0,748064999;119,5600486;89,43868762;Mkg
All;Quartier Européen;01-11-13;2013;0,808830143;139,5933521;112,907311;Mkg
All;Rogier/Botanique;01-11-13;2013;0,786455602;103,8473356;81,67131883;Mkg
All;Midi-Lemonnier;01-11-13;2013;0,805677291;88,83230725;71,57017264;Mkg
3 stars;All;01-12-13;2013;0,712403183;83,46414686;59,46012388;Mkg
4 stars;All;01-12-13;2013;0,665839369;101,6059154;67,65321859;Mkg
5 stars;All;01-12-13;2013;0,667446095;147,4544086;98,41786913;Mkg
All;All;01-12-13;2013;0,680166468;100,9508569;68,66338776;Mkg
All;Autour du Ring;01-12-13;2013;0,538886434;86,96672407;46,8651878;Mkg
All;Brussels Airport;01-12-13;2013;0,594083201;94,82596965;56,33451556;Mkg
All;Grand Place & environs;01-12-13;2013;0,764786325;109,709496;83,90432222;Mkg
All;Quartier Louise;01-12-13;2013;0,657761371;102,5360113;67,44422741;Mkg
All;Quartier Européen;01-12-13;2013;0,673996848;123,5467463;83,27011759;Mkg
All;Rogier/Botanique;01-12-13;2013;0,681214824;90,92368217;61,93856017;Mkg
All;Midi-Lemonnier;01-12-13;2013;0,723493124;84,84253486;61,38299062;Mkg
3 stars;All;01-01-14;2014;0,628411808;80,51764495;50,59823881;Mkg
4 stars;All;01-01-14;2014;0,546947685;108,5904935;60,21866396;Mkg
5 stars;All;01-01-14;2014;0,515367618;151,4347499;83,74757571;Mkg
All;All;01-01-14;2014;0,573319927;102,8816326;58,98409003;Mkg
All;Autour du Ring;01-01-14;2014;0,496906761;95,63391507;47,52113897;Mkg
All;Brussels Airport;01-01-14;2014;0,572836662;104,9501099;60,11927059;Mkg
All;Grand Place & environs;01-01-14;2014;0,631114531;103,3414499;65,22029071;Mkg
All;Quartier Louise;01-01-14;2014;0,539532766;109,4472003;59,05035074;Mkg
All;Quartier Européen;01-01-14;2014;0,568618892;126,9093871;72,16307506;Mkg
All;Rogier/Botanique;01-01-14;2014;0,512764345;96,7936751;49,63234542;Mkg
All;Midi-Lemonnier;01-01-14;2014;0,610075826;75,86257426;46,28192263;Mkg
3 stars;All;01-02-14;2014;0,715848099;86,00115946;61,56376654;Mkg
4 stars;All;01-02-14;2014;0,625585841;113,5410103;71,02964836;Mkg
5 stars;All;01-02-14;2014;0,596084706;155,2341806;92,53272095;Mkg
All;All;01-02-14;2014;0,651617219;108,1866059;70,49625531;Mkg
All;Autour du Ring;01-02-14;2014;0,607937867;91,30228347;55,50611546;Mkg
All;Brussels Airport;01-02-14;2014;0,628633271;110,4026478;69,40277765;Mkg
All;Grand Place & environs;01-02-14;2014;0,71840212;109,2568413;78,49034646;Mkg
All;Quartier Louise;01-02-14;2014;0,580385778;116,060375;67,35979107;Mkg
All;Quartier Européen;01-02-14;2014;0,668555621;135,2870285;90,44690337;Mkg
All;Rogier/Botanique;01-02-14;2014;0,620345605;101,7382067;63,11284941;Mkg
All;Midi-Lemonnier;01-02-14;2014;0,643675299;77,25643658;49,7280599;Mkg
3 stars;All;01-03-14;2014;0,771409628;94,26090986;72,71377342;Mkg
4 stars;All;01-03-14;2014;0,68360844;121,8551088;83,30118087;Mkg
5 stars;All;01-03-14;2014;0,702744174;172,4501346;121,1883274;Mkg
All;All;01-03-14;2014;0,713907802;118,4186429;84,5399931;Mkg
All;Autour du Ring;01-03-14;2014;0,641294741;89,12169078;57,15327165;Mkg
All;Brussels Airport;01-03-14;2014;0,644765629;113,008528;72,86401457;Mkg
All;Grand Place & environs;01-03-14;2014;0,81013891;122,8677054;99,53990893;Mkg
All;Quartier Louise;01-03-14;2014;0,669074196;128,6206211;86,05673861;Mkg
All;Quartier Européen;01-03-14;2014;0,718922585;149,3683861;107,3843063;Mkg
All;Rogier/Botanique;01-03-14;2014;0,68319455;112,7284851;77,01548661;Mkg
All;Midi-Lemonnier;01-03-14;2014;0,719728111;91,27124483;65,69048066;Mkg
3 stars;All;01-04-14;2014;0,800233766;83,17630833;66,56049048;Mkg
4 stars;All;01-04-14;2014;0,741058318;104,1911668;77,21173089;Mkg
5 stars;All;01-04-14;2014;0,711283186;157,8514489;112,2770815;Mkg
All;All;01-04-14;2014;0,756887214;103,2687571;78,1628018;Mkg
All;Autour du Ring;01-04-14;2014;0,660958904;80,03862608;52,90224258;Mkg
All;Brussels Airport;01-04-14;2014;0,740800866;94,39240808;69,92597763;Mkg
All;Grand Place & environs;01-04-14;2014;0,825589404;111,7855152;92,28893687;Mkg
All;Quartier Louise;01-04-14;2014;0,699387174;113,3705383;79,28990042;Mkg
All;Quartier Européen;01-04-14;2014;0,701101101;125,5012457;87,98906156;Mkg
All;Rogier/Botanique;01-04-14;2014;0,743436536;96,87121574;72,01760106;Mkg
All;Midi-Lemonnier;01-04-14;2014;0,785590969;85,88871186;67,47339641;Mkg
3 stars;All;01-05-14;2014;0,836923995;100,8436392;84,39846146;Mkg
4 stars;All;01-05-14;2014;0,774726884;121,6778704;94,26711735;Mkg
5 stars;All;01-05-14;2014;0,741363938;157,5077926;116,7705974;Mkg
All;All;01-05-14;2014;0,793693238;116,7260503;92,6446768;Mkg
All;Autour du Ring;01-05-14;2014;0,738842245;96,87769139;71,57733098;Mkg
All;Brussels Airport;01-05-14;2014;0,778126891;107,3554392;83,53615417;Mkg
All;Grand Place & environs;01-05-14;2014;0,854936045;122,0870709;104,3766376;Mkg
All;Quartier Louise;01-05-14;2014;0,747992864;121,5423245;90,91279137;Mkg
All;Quartier Européen;01-05-14;2014;0,750408618;134,6416489;101,0362537;Mkg
All;Rogier/Botanique;01-05-14;2014;0,795975979;113,7004009;90,50278794;Mkg
All;Midi-Lemonnier;01-05-14;2014;0,786264364;106,1728814;83,47995307;Mkg
3 stars;All;01-06-14;2014;0,789273685;91,7250706;72,39618444;Mkg
4 stars;All;01-06-14;2014;0,76543471;116,3518075;89,05971198;Mkg
5 stars;All;01-06-14;2014;0,720600047;158,8590499;114,4738389;Mkg
All;All;01-06-14;2014;0,771865508;110,3864515;85,20349441;Mkg
All;Autour du Ring;01-06-14;2014;0,723817664;97,73222231;70,74030883;Mkg
All;Brussels Airport;01-06-14;2014;0,758513709;107,5869955;81,60621092;Mkg
All;Grand Place & environs;01-06-14;2014;0,835398504;112,8027554;94,23525305;Mkg
All;Quartier Louise;01-06-14;2014;0,743017319;118,0497117;87,71298028;Mkg
All;Quartier Européen;01-06-14;2014;0,74844649;134,0692087;100,3436287;Mkg
All;Rogier/Botanique;01-06-14;2014;0,740766249;102,487003;75,91891272;Mkg
All;Midi-Lemonnier;01-06-14;2014;0,781722429;90,76578822;70,95365242;Mkg
3 stars;All;01-07-14;2014;0,717135434;71,09630693;50,98568094;Mkg
4 stars;All;01-07-14;2014;0,714752755;81,58299159;58,31166802;Mkg
5 stars;All;01-07-14;2014;0,614252075;117,0869361;71,92089344;Mkg
All;All;01-07-14;2014;0,71025439;80,13468846;56,91601424;Mkg
All;Autour du Ring;01-07-14;2014;0,629755284;74,69609556;47,04026085;Mkg
All;Brussels Airport;01-07-14;2014;0,785516455;75,06485593;58,96467951;Mkg
All;Grand Place & environs;01-07-14;2014;0,782270196;84,84582616;66,37236107;Mkg
All;Quartier Louise;01-07-14;2014;0,676206716;84,25120211;56,97122871;Mkg
All;Quartier Européen;01-07-14;2014;0,687256394;93,15215351;64,01941312;Mkg
All;Rogier/Botanique;01-07-14;2014;0,595177296;75,30568855;44,82023607;Mkg
All;Midi-Lemonnier;01-07-14;2014;0,715493464;68,24743987;48,83059719;Mkg
3 stars;All;01-08-14;2014;0,724410042;66,3942012;48,09662609;Mkg
4 stars;All;01-08-14;2014;0,7022749;73,78319323;51,81608463;Mkg
5 stars;All;01-08-14;2014;0,646350106;110,6809741;71,53865938;Mkg
All;All;01-08-14;2014;0,708275792;73,86506916;52,31684035;Mkg
All;Autour du Ring;01-08-14;2014;0,589766407;73,82847793;43,54155617;Mkg
All;Brussels Airport;01-08-14;2014;0,681073407;69,82414141;47,55536587;Mkg
All;Grand Place & environs;01-08-14;2014;0,834216656;79,79904755;66,56969457;Mkg
All;Quartier Louise;01-08-14;2014;0,71540131;80,71987269;57,74710266;Mkg
All;Quartier Européen;01-08-14;2014;0,602973384;73,14433558;44,10408757;Mkg
All;Rogier/Botanique;01-08-14;2014;0,633670941;69,95691044;44,32966124;Mkg
All;Midi-Lemonnier;01-08-14;2014;0,76627893;64,52382355;49,44324649;Mkg
3 stars;All;01-09-14;2014;0,831706904;94,10533665;78,26805823;Mkg
4 stars;All;01-09-14;2014;0,789263944;118,6873047;93,6756102;Mkg
5 stars;All;01-09-14;2014;0,745239783;151,9754454;113,2581479;Mkg
All;All;01-09-14;2014;0,801355633;111,6753932;89,49170545;Mkg
All;Autour du Ring;01-09-14;2014;0,684137931;98,15417171;67,15099195;Mkg
All;Brussels Airport;01-09-14;2014;0,784661618;110,2470311;86,50661378;Mkg
All;Grand Place & environs;01-09-14;2014;0,851193977;116,6487673;99,29072815;Mkg
All;Quartier Louise;01-09-14;2014;0,76243105;112,4188786;85,71164362;Mkg
All;Quartier Européen;01-09-14;2014;0,802991945;135,1148801;108,4961603;Mkg
All;Rogier/Botanique;01-09-14;2014;0,79027045;103,6367739;81,90108002;Mkg
All;Midi-Lemonnier;01-09-14;2014;0,821623296;89,77033218;73,75739622;Mkg
3 stars;All;01-10-14;2014;0,837371588;94,26167314;78,93204689;Mkg
4 stars;All;01-10-14;2014;0,774278984;116,6835209;90,34559806;Mkg
5 stars;All;01-10-14;2014;0,747075489;155,5889932;116,2367232;Mkg
All;All;01-10-14;2014;0,795514538;110,9308154;88,24707639;Mkg
All;Autour du Ring;01-10-14;2014;0,686707453;94,21187576;64,69599722;Mkg
All;Brussels Airport;01-10-14;2014;0,746821307;108,3185079;80,89456964;Mkg
All;Grand Place & environs;01-10-14;2014;0,858063782;115,148814;98,80502676;Mkg
All;Quartier Louise;01-10-14;2014;0,756308844;114,3621056;86,49307185;Mkg
All;Quartier Européen;01-10-14;2014;0,773337293;138,5481062;107,1444174;Mkg
All;Rogier/Botanique;01-10-14;2014;0,813579729;100,5941448;81,84135711;Mkg
All;Midi-Lemonnier;01-10-14;2014;0,80510253;92,69750884;74,63099892;Mkg
3 stars;All;01-11-14;2014;0,807324751;91,45670376;73,83526058;Mkg
4 stars;All;01-11-14;2014;0,761505163;117,9296697;89,80405233;Mkg
5 stars;All;01-11-14;2014;0,736632026;150,0319953;110,5183727;Mkg
All;All;01-11-14;2014;0,776038772;110,3112759;85,60582705;Mkg
All;Autour du Ring;01-11-14;2014;0,615682422;94,47150915;58,16444759;Mkg
All;Brussels Airport;01-11-14;2014;0,694844146;109,1461685;75,83957626;Mkg
All;Grand Place & environs;01-11-14;2014;0,840065937;112,0027412;94,08968779;Mkg
All;Quartier Louise;01-11-14;2014;0,743621291;113,2138521;84,1882309;Mkg
All;Quartier Européen;01-11-14;2014;0,810480299;138,5872068;112,3222008;Mkg
All;Rogier/Botanique;01-11-14;2014;0,785677028;100,9482778;79,31274296;Mkg
All;Midi-Lemonnier;01-11-14;2014;0,817936803;91,46942696;74,81621066;Mkg
3 stars;All;01-12-14;2014;0,752947977;89,2283015;67,18426909;Mkg
4 stars;All;01-12-14;2014;0,694812855;109,113383;75,81338118;Mkg
5 stars;All;01-12-14;2014;0,63881266;149,0115272;95,19045005;Mkg
All;All;01-12-14;2014;0,712408079;104,1494927;74,19694009;Mkg
All;Autour du Ring;01-12-14;2014;0,557838746;87,95495734;49,06468309;Mkg
All;Brussels Airport;01-12-14;2014;0,69257938;97,37852638;67,44235943;Mkg
All;Grand Place & environs;01-12-14;2014;0,775227674;109,8224078;85,13736973;Mkg
All;Quartier Louise;01-12-14;2014;0,666400514;109,6823811;73,09239518;Mkg
All;Quartier Européen;01-12-14;2014;0,717312781;126,8734947;91,00797937;Mkg
All;Rogier/Botanique;01-12-14;2014;0,691359218;96,52893225;66,73616712;Mkg
All;Midi-Lemonnier;01-12-14;2014;0,747885501;87,83597617;65,69125305;Mkg
3 stars;All;01-01-15;2015;0,623511672;84,18443;52,48997473;Mkg
4 stars;All;01-01-15;2015;0,555735738;110,1085711;61,19126796;Mkg
5 stars;All;01-01-15;2015;0,540390991;134,8567191;72,87535612;Mkg
All;All;01-01-15;2015;0,580439779;101,392219;58,85207715;Mkg
All;Autour du Ring;01-01-15;2015;0,573165947;82,32970177;47,18858152;Mkg
All;Brussels Airport;01-01-15;2015;0,60704306;106,0967512;64,40529656;Mkg
All;Grand Place & environs;01-01-15;2015;0,6268288;98,3666928;61,659076;Mkg
All;Quartier Louise;01-01-15;2015;0,539315842;103,2781908;55,69956447;Mkg
All;Quartier Européen;01-01-15;2015;0,565828678;128,8015972;72,87963743;Mkg
All;Rogier/Botanique;01-01-15;2015;0,524646938;95,09082235;49,88910874;Mkg
All;Midi-Lemonnier;01-01-15;2015;0,592287185;81,28764315;48,1456293;Mkg
3 stars;All;01-02-15;2015;0,688099212;86,87546863;59,7789415;Mkg
4 stars;All;01-02-15;2015;0,60989603;114,9524085;70,10901758;Mkg
5 stars;All;01-02-15;2015;0,606900739;138,9123499;84,30600779;Mkg
All;All;01-02-15;2015;0,639934473;105,3754009;67,43335167;Mkg
All;Autour du Ring;01-02-15;2015;0,573253147;91,8895371;52,67596627;Mkg
All;Brussels Airport;01-02-15;2015;0,653035952;111,5435542;72,84195108;Mkg
All;Grand Place & environs;01-02-15;2015;0,68167846;101,2513166;69,02084155;Mkg
All;Quartier Louise;01-02-15;2015;0,592923778;107,4350986;63,70082456;Mkg
All;Quartier Européen;01-02-15;2015;0,642397583;135,1707475;86,83336143;Mkg
All;Rogier/Botanique;01-02-15;2015;0,597721737;96,98599904;57,97063978;Mkg
All;Midi-Lemonnier;01-02-15;2015;0,67311084;83,17289932;55,98458011;Mkg
3 stars;All;01-03-15;2015;0,781539042;98,23483114;76,77435581;Mkg
4 stars;All;01-03-15;2015;0,70737768;128,1689392;90,66384693;Mkg
5 stars;All;01-03-15;2015;0,696232321;162,9796272;113,4716841;Mkg
All;All;01-03-15;2015;0,734459477;119,0082173;87,40671306;Mkg
All;Autour du Ring;01-03-15;2015;0,654036335;86,22141267;56,39193677;Mkg
All;Brussels Airport;01-03-15;2015;0,742093536;118,9246459;88,253211;Mkg
All;Grand Place & environs;01-03-15;2015;0,767827746;122,1743005;93,80881776;Mkg
All;Quartier Louise;01-03-15;2015;0,703662876;124,1280857;87,34432583;Mkg
All;Quartier Européen;01-03-15;2015;0,724221781;151,029329;109,3787296;Mkg
All;Rogier/Botanique;01-03-15;2015;0,705718496;109,039849;76,95143817;Mkg
All;Midi-Lemonnier;01-03-15;2015;0,780743389;95,77533633;74,77596067;Mkg
3 stars;All;01-04-15;2015;0,795726335;100,6971268;80,12735563;Mkg
4 stars;All;01-04-15;2015;0,739452273;125,5458607;92,8351721;Mkg
5 stars;All;01-04-15;2015;0,718913813;158,06592;113,6357733;Mkg
All;All;01-04-15;2015;0,759872003;118,1645048;89,78989891;Mkg
All;Autour du Ring;01-04-15;2015;0,692479523;89,87327543;62,23540294;Mkg
All;Brussels Airport;01-04-15;2015;0,767166697;108,7931382;83,46247244;Mkg
All;Grand Place & environs;01-04-15;2015;0,809965079;123,5179565;100,0452314;Mkg
All;Quartier Louise;01-04-15;2015;0,754634339;125,9366655;95,03613227;Mkg
All;Quartier Européen;01-04-15;2015;0,686057231;141,3199423;96,95356827;Mkg
All;Rogier/Botanique;01-04-15;2015;0,728626145;114,7601082;83,61721521;Mkg
All;Midi-Lemonnier;01-04-15;2015;0,816265736;103,9326237;84,83663955;Mkg
3 stars;All;01-05-15;2015;0,837179671;89,28456852;74,74722566;Mkg
4 stars;All;01-05-15;2015;0,787662526;110,262432;86,84958574;Mkg
5 stars;All;01-05-15;2015;0,740028832;141,0231045;104,3611634;Mkg
All;All;01-05-15;2015;0,802333908;104,422273;83,78153036;Mkg
All;Autour du Ring;01-05-15;2015;0,735242157;91,27044328;67,10587755;Mkg
All;Brussels Airport;01-05-15;2015;0,800739514;101,5585486;81,3219428;Mkg
All;Grand Place & environs;01-05-15;2015;0,851685591;108,1460552;92,10643693;Mkg
All;Quartier Louise;01-05-15;2015;0,773481638;107,7106622;83,31221948;Mkg
All;Quartier Européen;01-05-15;2015;0,759237231;124,414377;94,46002714;Mkg
All;Rogier/Botanique;01-05-15;2015;0,77951122;97,35490621;75,88924167;Mkg
All;Midi-Lemonnier;01-05-15;2015;0,844749426;93,1075057;78,65251195;Mkg
3 stars;All;01-06-15;2015;0,875293092;100,2162321;87,71857573;Mkg
4 stars;All;01-06-15;2015;0,851239182;126,5772391;107,7475054;Mkg
5 stars;All;01-06-15;2015;0,820847906;167,5911271;137,5668258;Mkg
All;All;01-06-15;2015;0,85835161;119,7763956;102,8102619;Mkg
All;Autour du Ring;01-06-15;2015;0,772850189;109,7182847;84,79579713;Mkg
All;Brussels Airport;01-06-15;2015;0,859237052;114,2076898;98,13147868;Mkg
All;Grand Place & environs;01-06-15;2015;0,89198915;123,7662359;110,3981395;Mkg
All;Quartier Louise;01-06-15;2015;0,847095843;127,3351686;107,865092;Mkg
All;Quartier Européen;01-06-15;2015;0,831354193;148,26244;123,2586011;Mkg
All;Rogier/Botanique;01-06-15;2015;0,840569893;109,7934712;92,28908631;Mkg
All;Midi-Lemonnier;01-06-15;2015;0,896461837;100,7026879;90,2761166;Mkg
3 stars;All;01-07-15;2015;0,74439704;72,73246062;54,14182841;Mkg
4 stars;All;01-07-15;2015;0,711068476;87,16026351;61,97691571;Mkg
5 stars;All;01-07-15;2015;0,721309483;122,6650089;88,47943421;Mkg
All;All;01-07-15;2015;0,726974719;84,37054064;61,33525007;Mkg
All;Autour du Ring;01-07-15;2015;0,67913458;66,94068898;45,46173671;Mkg
All;Brussels Airport;01-07-15;2015;0,755257036;79,82815703;60,29077727;Mkg
All;Grand Place & environs;01-07-15;2015;0,824549742;89,37177563;73,69147451;Mkg
All;Quartier Louise;01-07-15;2015;0,71246492;90,00378139;64,12453695;Mkg
All;Quartier Européen;01-07-15;2015;0,658374513;101,079561;66,5482068;Mkg
All;Rogier/Botanique;01-07-15;2015;0,626108794;77,99136045;48,83107662;Mkg
All;Midi-Lemonnier;01-07-15;2015;0,754444993;70,63704349;53,2917638;Mkg
3 stars;All;01-08-15;2015;0,734934696;67,60579613;49,68584522;Mkg
4 stars;All;01-08-15;2015;0,70004858;78,960251;55,27601163;Mkg
5 stars;All;01-08-15;2015;0,699704391;107,2479597;75,04186835;Mkg
All;All;01-08-15;2015;0,715434892;76,75199507;54,91105529;Mkg
All;Autour du Ring;01-08-15;2015;0,56693079;66,27763884;37,57483416;Mkg
All;Brussels Airport;01-08-15;2015;0,701527628;75,34217288;52,85461582;Mkg
All;Grand Place & environs;01-08-15;2015;0,849734978;80,57232401;68,465122;Mkg
All;Quartier Louise;01-08-15;2015;0,71993391;83,28029106;59,95630557;Mkg
All;Quartier Européen;01-08-15;2015;0,613021839;79,17413026;48,53547096;Mkg
All;Rogier/Botanique;01-08-15;2015;0,619186329;73,94415138;45,78520763;Mkg
All;Midi-Lemonnier;01-08-15;2015;0,780775509;66,2739746;51,74509625;Mkg
3 stars;All;01-09-15;2015;0,8565675;105,8486484;90,66651213;Mkg
4 stars;All;01-09-15;2015;0,827409552;132,4705901;109,6074315;Mkg
5 stars;All;01-09-15;2015;0,801030294;164,2275267;131,5512241;Mkg
All;All;01-09-15;2015;0,83704707;124,546584;104,2513532;Mkg
All;Autour du Ring;01-09-15;2015;0,749963721;96,26270801;72,19353867;Mkg
All;Brussels Airport;01-09-15;2015;0,820169285;120,9211592;99,17582071;Mkg
All;Grand Place & environs;01-09-15;2015;0,881128897;131,1116751;115,5262857;Mkg
All;Quartier Louise;01-09-15;2015;0,837301746;124,7955579;104,4915385;Mkg
All;Quartier Européen;01-09-15;2015;0,809274495;149,0564197;120,6275588;Mkg
All;Rogier/Botanique;01-09-15;2015;0,810056238;116,7317019;94,55924334;Mkg
All;Midi-Lemonnier;01-09-15;2015;0,887283145;106,7087357;94,68086265;Mkg
3 stars;All;01-10-15;2015;0,857821288;100,8187451;86,4844658;Mkg
4 stars;All;01-10-15;2015;0,806526884;125,2669586;101,0311698;Mkg
5 stars;All;01-10-15;2015;0,782135176;159,8784695;125,0465748;Mkg
All;All;01-10-15;2015;0,824834347;118,2057426;97,50015647;Mkg
All;Autour du Ring;01-10-15;2015;0,728577459;97,0819776;70,73174054;Mkg
All;Brussels Airport;01-10-15;2015;0,778702257;117,3936349;91,41468847;Mkg
All;Grand Place & environs;01-10-15;2015;0,859178264;123,93114;106,4789417;Mkg
All;Quartier Louise;01-10-15;2015;0,809097068;122,7949022;99,35299526;Mkg
All;Quartier Européen;01-10-15;2015;0,810982206;139,6765731;113,2752154;Mkg
All;Rogier/Botanique;01-10-15;2015;0,838437658;107,6885207;90,29011107;Mkg
All;Midi-Lemonnier;01-10-15;2015;0,88303662;98,97215084;87,39603358;Mkg
3 stars;All;01-11-15;2015;0,652544463;91,43099498;59,66278952;Mkg
4 stars;All;01-11-15;2015;0,615831071;120,8725585;74,43707713;Mkg
5 stars;All;01-11-15;2015;0,575013019;156,3104602;89,88054964;Mkg
All;All;01-11-15;2015;0,62810253;111,8251661;70,23766974;Mkg
All;Autour du Ring;01-11-15;2015;0,574583635;88,59476623;50,90510282;Mkg
All;Brussels Airport;01-11-15;2015;0,629897979;112,4010525;70,80119585;Mkg
All;Grand Place & environs;01-11-15;2015;0,625284094;113,5644779;71,01006163;Mkg
All;Quartier Louise;01-11-15;2015;0,62343213;112,504147;70,1387;Mkg
All;Quartier Européen;01-11-15;2015;0,641711333;140,9964516;90,47902094;Mkg
All;Rogier/Botanique;01-11-15;2015;0,609373786;102,6680489;62,56321766;Mkg
All;Midi-Lemonnier;01-11-15;2015;0,686920929;93,0559102;63,92205229;Mkg
3 stars;All;01-12-15;2015;0,560033647;88,83712188;49,75177739;Mkg
4 stars;All;01-12-15;2015;0,49253298;108,696413;53,5365682;Mkg
5 stars;All;01-12-15;2015;0,519372994;142,0412189;73,77237313;Mkg
All;All;01-12-15;2015;0,522339201;103,1374907;53,87275454;Mkg
All;Autour du Ring;01-12-15;2015;0,478553967;96,31177399;46,09038151;Mkg
All;Brussels Airport;01-12-15;2015;0,536666628;100,8183639;54,10585144;Mkg
All;Grand Place & environs;01-12-15;2015;0,561466336;104,5944074;58,72623866;Mkg
All;Quartier Louise;01-12-15;2015;0,500745437;105,6899743;52,92377243;Mkg
All;Quartier Européen;01-12-15;2015;0,528909368;128,934275;68,19454588;Mkg
All;Rogier/Botanique;01-12-15;2015;0,468321338;92,91474638;43,5139583;Mkg
All;Midi-Lemonnier;01-12-15;2015;0,549712635;88,28753662;48,53277438;Mkg
3 stars;All;01-01-16;2016;0,596132349;83,5115591;49,78394188;Mkg
4 stars;All;01-01-16;2016;0,542566619;114,8071499;62,29052713;Mkg
5 stars;All;01-01-16;2016;0,510851878;141,6207402;72,34722114;Mkg
All;All;01-01-16;2016;0,561021635;103,8284342;58,24999784;Mkg
All;Autour du Ring;01-01-16;2016;0,528263465;87,20212548;46,06569693;Mkg
All;Brussels Airport;01-01-16;2016;0,594484784;114,9792599;68,35342044;Mkg
All;Grand Place & environs;01-01-16;2016;0,594189961;96,31138653;57,22725906;Mkg
All;Quartier Louise;01-01-16;2016;0,57042481;105,1104793;59,95762518;Mkg
All;Quartier Européen;01-01-16;2016;0,558183461;133,3911395;74,45672785;Mkg
All;Rogier/Botanique;01-01-16;2016;0,493233376;94,56766132;46,64392681;Mkg
All;Midi-Lemonnier;01-01-16;2016;0,544407844;82,52997512;44,92996583;Mkg
3 stars;All;01-02-16;2016;0,66202936;89,73141802;59,40483327;Mkg
4 stars;All;01-02-16;2016;0,60383753;119,4704881;72,14076443;Mkg
5 stars;All;01-02-16;2016;0,62767496;154,5980942;97,03735262;Mkg
All;All;01-02-16;2016;0,629305914;110,6549387;69,63580733;Mkg
All;Autour du Ring;01-02-16;2016;0,596255874;92,50130418;55,15444596;Mkg
All;Brussels Airport;01-02-16;2016;0,634624157;120,5851456;76,52624639;Mkg
All;Grand Place & environs;01-02-16;2016;0,687984921;103,2598184;71,041198;Mkg
All;Quartier Louise;01-02-16;2016;0,593317886;115,1240719;68,30517098;Mkg
All;Quartier Européen;01-02-16;2016;0,650715622;141,7455475;92,23604211;Mkg
All;Rogier/Botanique;01-02-16;2016;0,575028597;99,86183475;57,42341075;Mkg
All;Midi-Lemonnier;01-02-16;2016;0,625991954;87,0522612;54,49401506;Mkg
3 stars;All;01-03-16;2016;0,627308609;99,16570996;62,20750354;Mkg
4 stars;All;01-03-16;2016;0,573347609;129,0986801;74,01841952;Mkg
5 stars;All;01-03-16;2016;0,53293975;169,0526277;90,09486511;Mkg
All;All;01-03-16;2016;0,589964768;120,2624801;70,95062621;Mkg
All;Autour du Ring;01-03-16;2016;0,559057354;93,84457339;52,46449886;Mkg
All;Brussels Airport;01-03-16;2016;0,587017506;122,9782721;72,19039866;Mkg
All;Grand Place & environs;01-03-16;2016;0,626538047;123,9534912;77,66157833;Mkg
All;Quartier Louise;01-03-16;2016;0,577595552;121,5077191;70,18231808;Mkg
All;Quartier Européen;01-03-16;2016;0,62244563;145,1302459;90,33568732;Mkg
All;Rogier/Botanique;01-03-16;2016;0,541687366;110,0084415;59,59018295;Mkg
All;Midi-Lemonnier;01-03-16;2016;0,599089153;98,96934635;59,29146184;Mkg
3 stars;All;01-04-16;2016;0,603313029;107,6456941;64,94404973;Mkg
4 stars;All;01-04-16;2016;0,493351669;139,8949978;69,0174307;Mkg
5 stars;All;01-04-16;2016;0,51259112;168,3188245;86,27873473;Mkg
All;All;01-04-16;2016;0,536642669;128,289496;68,84561747;Mkg
All;Autour du Ring;01-04-16;2016;0,621326803;91,8975636;57,09841941;Mkg
All;Brussels Airport;01-04-16;2016;0,528008337;112,3263589;59,30925397;Mkg
All;Grand Place & environs;01-04-16;2016;0,552045715;139,9187713;77,24155818;Mkg
All;Quartier Louise;01-04-16;2016;0,534480269;129,3799169;69,15101275;Mkg
All;Quartier Européen;01-04-16;2016;0,50932166;156,4640027;79,69050554;Mkg
All;Rogier/Botanique;01-04-16;2016;0,50626933;128,910618;65,26349218;Mkg
All;Midi-Lemonnier;01-04-16;2016;0,614065119;106,0582514;65,12667273;Mkg
3 stars;All;01-05-16;2016;0,63923112;87,30624342;55,80886778;Mkg
4 stars;All;01-05-16;2016;0,555210861;111,6491023;61,9887942;Mkg
5 stars;All;01-05-16;2016;0,539554822;144,9917831;78,23101575;Mkg
All;All;01-05-16;2016;0,588006142;103,9516252;61,12419415;Mkg
All;Autour du Ring;01-05-16;2016;0,580910783;86,73107359;50,3830159;Mkg
All;Brussels Airport;01-05-16;2016;0,636903;102,5885339;65,33894497;Mkg
All;Grand Place & environs;01-05-16;2016;0,610239671;108,8231948;66,40823051;Mkg
All;Quartier Louise;01-05-16;2016;0,595147429;100,018836;59,52595305;Mkg
All;Quartier Européen;01-05-16;2016;0,543454816;134,0125021;72,82973968;Mkg
All;Rogier/Botanique;01-05-16;2016;0,51525354;95,55787478;49,23653326;Mkg
All;Midi-Lemonnier;01-05-16;2016;0,668162364;88,00401539;58,80097094;Mkg
3 stars;All;01-06-16;2016;0,698370165;92,49123108;64,59311634;Mkg
4 stars;All;01-06-16;2016;0,640918988;118,7774036;76,12669328;Mkg
5 stars;All;01-06-16;2016;0,596150199;159,0011691;94,78857861;Mkg
All;All;01-06-16;2016;0,661590389;111,1632083;73,5445102;Mkg
All;Autour du Ring;01-06-16;2016;0,649397052;92,35106029;59,97250633;Mkg
All;Brussels Airport;01-06-16;2016;0,7096234;110,1990879;78,19985149;Mkg
All;Grand Place & environs;01-06-16;2016;0,657048891;113,4681535;74,55412445;Mkg
All;Quartier Louise;01-06-16;2016;0,678138896;110,2378479;74,75657243;Mkg
All;Quartier Européen;01-06-16;2016;0,656837286;143,2048818;94,06230596;Mkg
All;Rogier/Botanique;01-06-16;2016;0,605635378;101,1661876;61,26982222;Mkg
All;Midi-Lemonnier;01-06-16;2016;0,691651802;92,79520452;64,18197039;Mkg
3 stars;All;01-07-16;2016;0,589411874;69,48629851;40,95604942;Mkg
4 stars;All;01-07-16;2016;0,546126647;87,85285061;47,97878277;Mkg
5 stars;All;01-07-16;2016;0,504020526;124,021899;62,50958283;Mkg
All;All;01-07-16;2016;0,565137201;82,9905426;46,90104299;Mkg
All;Autour du Ring;01-07-16;2016;0,585154403;70,89761112;41,48604929;Mkg
All;Brussels Airport;01-07-16;2016;0,656538375;79,24060931;52,02450087;Mkg
All;Grand Place & environs;01-07-16;2016;0,569927004;88,28905864;50,31831868;Mkg
All;Quartier Louise;01-07-16;2016;0,586950821;87,36394007;51,27833633;Mkg
All;Quartier Européen;01-07-16;2016;0,498038757;101,7725066;50,68665262;Mkg
All;Rogier/Botanique;01-07-16;2016;0,462856594;75,39189306;34,89563482;Mkg
All;Midi-Lemonnier;01-07-16;2016;0,675822583;71,18998284;48,11179809;Mkg
3 stars;All;01-08-16;2016;0,556548576;65,00838031;36,18032148;Mkg
4 stars;All;01-08-16;2016;0,473122267;82,95883199;39,24967065;Mkg
5 stars;All;01-08-16;2016;0,413087651;112,5422023;46,48979403;Mkg
All;All;01-08-16;2016;0,50595756;76,98191903;38,94958392;Mkg
All;Autour du Ring;01-08-16;2016;0,536114302;79,26354761;42,49432151;Mkg
All;Brussels Airport;01-08-16;2016;0,604343866;76,52178088;46,24546887;Mkg
All;Grand Place & environs;01-08-16;2016;0,562302354;81,05968795;45,58005336;Mkg
All;Quartier Louise;01-08-16;2016;0,526183265;73,25019376;38,54302613;Mkg
All;Quartier Européen;01-08-16;2016;0,391134137;84,43422368;33,02510722;Mkg
All;Rogier/Botanique;01-08-16;2016;0,374379722;73,18839155;27,40024968;Mkg
All;Midi-Lemonnier;01-08-16;2016;0,594605387;71,1295714;42,29402636;Mkg
3 stars;All;01-09-16;2016;0,727814877;92,05004957;66,99539548;Mkg
4 stars;All;01-09-16;2016;0,641794016;117,0841916;75,14393348;Mkg
5 stars;All;01-09-16;2016;0,58439928;157,4119695;91,99144163;Mkg
All;All;01-09-16;2016;0,669248778;109,862981;73,5256658;Mkg
All;Autour du Ring;01-09-16;2016;0,675189323;94,86066185;64,04890605;Mkg
All;Brussels Airport;01-09-16;2016;0,69625169;113,6450258;79,12554123;Mkg
All;Grand Place & environs;01-09-16;2016;0,689124056;110,4542937;76,11671084;Mkg
All;Quartier Louise;01-09-16;2016;0,669392037;106,2609199;71,13021363;Mkg
All;Quartier Européen;01-09-16;2016;0,607730137;139,0694462;84,51669356;Mkg
All;Rogier/Botanique;01-09-16;2016;0,637642144;99,96760384;63,74355723;Mkg
All;Midi-Lemonnier;01-09-16;2016;0,729433989;96,06985829;70,07661997;Mkg
3 stars;All;01-10-16;2016;0,746457464;92,60352927;69,12459561;Mkg
4 stars;All;01-10-16;2016;0,670165753;118,5799033;79,46819018;Mkg
5 stars;All;01-10-16;2016;0,645828082;152,6716805;98,59965855;Mkg
All;All;01-10-16;2016;0,697143031;110,7828506;77,23149228;Mkg
All;Autour du Ring;01-10-16;2016;0,692207687;96,57414955;66,84936865;Mkg
All;Brussels Airport;01-10-16;2016;0,673653514;113,760582;76,63521585;Mkg
All;Grand Place & environs;01-10-16;2016;0,762460136;110,9472849;84,59288188;Mkg
All;Quartier Louise;01-10-16;2016;0,71549345;108,282286;77,47526638;Mkg
All;Quartier Européen;01-10-16;2016;0,663640235;140,1581547;93,01459075;Mkg
All;Rogier/Botanique;01-10-16;2016;0,652622723;100,6668151;65,69745095;Mkg
All;Midi-Lemonnier;01-10-16;2016;0,706426132;95,49246094;67,45836984;Mkg
3 stars;All;01-11-16;2016;0,733177644;91,3578204;66,98151148;Mkg
4 stars;All;01-11-16;2016;0,667070055;124,5809904;83,10424813;Mkg
5 stars;All;01-11-16;2016;0,676353748;150,9926092;102,1244171;Mkg
All;All;01-11-16;2016;0,6934174;113,4595851;78,67485057;Mkg
All;Autour du Ring;01-11-16;2016;0,656310354;89,2218718;58,55723822;Mkg
All;Brussels Airport;01-11-16;2016;0,630384267;115,0627935;72,5337748;Mkg
All;Grand Place & environs;01-11-16;2016;0,7492793;114,1644126;85,54103117;Mkg
All;Quartier Louise;01-11-16;2016;0,715193195;112,2507667;80,28098453;Mkg
All;Quartier Européen;01-11-16;2016;0,70593222;147,6444596;104,2269811;Mkg
All;Rogier/Botanique;01-11-16;2016;0,666697331;101,8148629;67,87969734;Mkg
All;Midi-Lemonnier;01-11-16;2016;0,708317338;94,12889757;66,6731302;Mkg
3 stars;All;01-12-16;2016;0,654656175;85,36118341;55,88222582;Mkg
4 stars;All;01-12-16;2016;0,595839601;105,1335998;62,64276214;Mkg
5 stars;All;01-12-16;2016;0,578828724;135,3466656;78,34253776;Mkg
All;All;01-12-16;2016;0,621801309;98,82653598;61,45046942;Mkg
All;Autour du Ring;01-12-16;2016;0,601365077;86,19716119;51,83596246;Mkg
All;Brussels Airport;01-12-16;2016;0,565760555;96,53839388;54,61761532;Mkg
All;Grand Place & environs;01-12-16;2016;0,707900847;102,1539202;72,31484669;Mkg
All;Quartier Louise;01-12-16;2016;0,628538813;97,26408142;61,13425026;Mkg
All;Quartier Européen;01-12-16;2016;0,611096149;118,8553516;72,63204763;Mkg
All;Rogier/Botanique;01-12-16;2016;0,567061573;90,01384808;51,04339429;Mkg
All;Midi-Lemonnier;01-12-16;2016;0,649942408;89,18506802;57,96515787;Mkg
3 stars;All;01-01-17;2017;0,586967357;81,89909301;48,07209417;Mkg
4 stars;All;01-01-17;2017;0,536221986;105,3584306;56,49550694;Mkg
5 stars;All;01-01-17;2017;0,498552281;137,2617254;68,43214636;Mkg
All;All;01-01-17;2017;0,557216293;97,55737116;54,36055676;Mkg
All;Autour du Ring;01-01-17;2017;0,54489315;92,25489711;50,26906151;Mkg
All;Brussels Airport;01-01-17;2017;0,566730099;106,6858213;60,46206611;Mkg
All;Grand Place & environs;01-01-17;2017;0,583080387;97,85529364;57,05750246;Mkg
All;Quartier Louise;01-01-17;2017;0,591324645;94,73663427;56,02010663;Mkg
All;Quartier Européen;01-01-17;2017;0,539133356;110,6489477;59,6545385;Mkg
All;Rogier/Botanique;01-01-17;2017;0,49321272;87,67372121;43,24179451;Mkg
All;Midi-Lemonnier;01-01-17;2017;0,596963844;83,19194982;49,66258615;Mkg
3 stars;All;01-02-17;2017;0,683525723;87,14100978;59,56312174;Mkg
4 stars;All;01-02-17;2017;0,620496439;113,0203763;70,12874109;Mkg
5 stars;All;01-02-17;2017;0,6148229;148,9720783;91,59144513;Mkg
All;All;01-02-17;2017;0,649281703;104,4863833;67,84109689;Mkg
All;Autour du Ring;01-02-17;2017;0,604079403;89,01429756;53,7717037;Mkg
All;Brussels Airport;01-02-17;2017;0,598748289;113,4239159;67,91237551;Mkg
All;Grand Place & environs;01-02-17;2017;0,703714308;100,6965283;70,86158769;Mkg
All;Quartier Louise;01-02-17;2017;0,67802785;107,9790131;73,21277809;Mkg
All;Quartier Européen;01-02-17;2017;0,663182067;129,7326408;86,03636085;Mkg
All;Rogier/Botanique;01-02-17;2017;0,587698129;88,63555449;52,09094953;Mkg
All;Midi-Lemonnier;01-02-17;2017;0,693006608;85,87721494;59,51347742;Mkg
3 stars;All;01-03-17;2017;0,735120808;96,79391841;71,15522348;Mkg
4 stars;All;01-03-17;2017;0,705746003;125,327463;88,44935605;Mkg
5 stars;All;01-03-17;2017;0,642807116;160,4490957;103,1378204;Mkg
All;All;01-03-17;2017;0,714492309;115,2330365;82,33311838;Mkg
All;Autour du Ring;01-03-17;2017;0,672787844;96,29582005;64,78665719;Mkg
All;Brussels Airport;01-03-17;2017;0,669293485;119,8431559;80,21024341;Mkg
All;Grand Place & environs;01-03-17;2017;0,74821263;114,2132123;85,45576795;Mkg
All;Quartier Louise;01-03-17;2017;0,710394002;112,6025697;79,99219005;Mkg
All;Quartier Européen;01-03-17;2017;0,743798118;142,7995325;106,2140235;Mkg
All;Rogier/Botanique;01-03-17;2017;0,693202098;104,297022;72,29891447;Mkg
All;Midi-Lemonnier;01-03-17;2017;0,750309478;97,32969321;73,02739135;Mkg
3 stars;All;01-04-17;2017;0,755497935;99,94506097;75,5082872;Mkg
4 stars;All;01-04-17;2017;0,674335118;124,4400686;83,9143083;Mkg
5 stars;All;01-04-17;2017;0,643082177;159,6907367;102,6942666;Mkg
All;All;01-04-17;2017;0,70511256;116,3965469;82,07266721;Mkg
All;Autour du Ring;01-04-17;2017;0,718975651;89,17563938;64,11511335;Mkg
All;Brussels Airport;01-04-17;2017;0,682579884;110,6247892;75,51025573;Mkg
All;Grand Place & environs;01-04-17;2017;0,762682912;123,5329942;94,21650374;Mkg
All;Quartier Louise;01-04-17;2017;0,70709465;117,3747742;82,99507482;Mkg
All;Quartier Européen;01-04-17;2017;0,65637939;132,7857047;87,1577998;Mkg
All;Rogier/Botanique;01-04-17;2017;0,658410589;110,1800852;72,54373478;Mkg
All;Midi-Lemonnier;01-04-17;2017;0,772886652;105,5093968;81,54680437;Mkg
3 stars;All;01-05-17;2017;0,777355293;91,77564152;71,34228071;Mkg
4 stars;All;01-05-17;2017;0,71455148;116,6457319;83,34938044;Mkg
5 stars;All;01-05-17;2017;0,66974569;156,0721035;104,5286186;Mkg
All;All;01-05-17;2017;0,736503167;109,0467912;80,31330711;Mkg
All;Autour du Ring;01-05-17;2017;0,710327456;97,4988561;69,25611441;Mkg
All;Brussels Airport;01-05-17;2017;0,718833016;109,8548124;78,96726614;Mkg
All;Grand Place & environs;01-05-17;2017;0,756796378;112,0689703;84,81339081;Mkg
All;Quartier Louise;01-05-17;2017;0,744062495;111,8930783;83,25544293;Mkg
All;Quartier Européen;01-05-17;2017;0,712704615;136,7049284;97,43023339;Mkg
All;Rogier/Botanique;01-05-17;2017;0,724364776;94,9125235;68,75128882;Mkg
All;Midi-Lemonnier;01-05-17;2017;0,784578909;91,76473292;71,99667401;Mkg
3 stars;All;01-06-17;2017;0,789782238;94,83255826;74,89707014;Mkg
4 stars;All;01-06-17;2017;0,725828782;123,9378476;89,95765694;Mkg
5 stars;All;01-06-17;2017;0,681690276;161,1810507;109,875555;Mkg
All;All;01-06-17;2017;0,747291706;114,4043741;85,49343988;Mkg
All;Autour du Ring;01-06-17;2017;0,718219983;97,11959317;69,75323258;Mkg
All;Brussels Airport;01-06-17;2017;0,72975102;114,1853351;83,32686477;Mkg
All;Grand Place & environs;01-06-17;2017;0,784664168;117,3050186;92,04504489;Mkg
All;Quartier Louise;01-06-17;2017;0,771382532;112,9381904;87,11854722;Mkg
All;Quartier Européen;01-06-17;2017;0,713820178;146,9250751;104,8780832;Mkg
All;Rogier/Botanique;01-06-17;2017;0,697687724;102,0514033;71,2000113;Mkg
All;Midi-Lemonnier;01-06-17;2017;0,807622314;98,0813494;79,21268636;Mkg
3 stars;All;01-07-17;2017;0,759208604;72,83807036;55,29928973;Mkg
4 stars;All;01-07-17;2017;0,691724689;89,98371617;62,2439581;Mkg
5 stars;All;01-07-17;2017;0,638855837;125,3230276;80,06334777;Mkg
All;All;01-07-17;2017;0,715079349;85,35602061;61,03632769;Mkg
All;Autour du Ring;01-07-17;2017;0,757942634;73,12660806;55,42577395;Mkg
All;Brussels Airport;01-07-17;2017;0,722756335;82,13001724;59,35999024;Mkg
All;Grand Place & environs;01-07-17;2017;0,755295485;89,97062749;67,95440873;Mkg
All;Quartier Louise;01-07-17;2017;0,734337168;87,05217323;63,9256464;Mkg
All;Quartier Européen;01-07-17;2017;0,692851653;105,3334876;72,98048095;Mkg
All;Rogier/Botanique;01-07-17;2017;0,634425807;75,07428046;47,62906098;Mkg
All;Midi-Lemonnier;01-07-17;2017;0,752826979;75,16141167;56,58353848;Mkg
3 stars;All;01-08-17;2017;0,694604021;67,1822628;46,6650699;Mkg
4 stars;All;01-08-17;2017;0,617262317;81,87634522;50,53918253;Mkg
5 stars;All;01-08-17;2017;0,537842963;110,7216862;59,55087976;Mkg
All;All;01-08-17;2017;0,64223535;77,50393249;49,77576519;Mkg
All;Autour du Ring;01-08-17;2017;0,697570488;75,01665696;52,32940603;Mkg
All;Brussels Airport;01-08-17;2017;0,602308462;77,78045601;46,84782687;Mkg
All;Grand Place & environs;01-08-17;2017;0,737110487;82,49483418;60,80780742;Mkg
All;Quartier Louise;01-08-17;2017;0,699466531;77,99511939;54,55497559;Mkg
All;Quartier Européen;01-08-17;2017;0,578320901;83,85228164;48,4935271;Mkg
All;Rogier/Botanique;01-08-17;2017;0,511931624;68,88700681;35,26543726;Mkg
All;Midi-Lemonnier;01-08-17;2017;0,742701372;68,26434762;50,70002462;Mkg
3 stars;All;01-09-17;2017;0,811079524;107,4876461;87,18102887;Mkg
4 stars;All;01-09-17;2017;0,757014713;133,3761169;100,9676829;Mkg
5 stars;All;01-09-17;2017;0,71292836;163,9487049;116,8836814;Mkg
All;All;01-09-17;2017;0,773728616;124,8798761;96,62313364;Mkg
All;Autour du Ring;01-09-17;2017;0,768178002;103,8135315;79,7472712;Mkg
All;Brussels Airport;01-09-17;2017;0,731062951;123,9718105;90,63119772;Mkg
All;Grand Place & environs;01-09-17;2017;0,820683102;129,5819614;106,3457261;Mkg
All;Quartier Louise;01-09-17;2017;0,790913972;123,8121378;97,92474974;Mkg
All;Quartier Européen;01-09-17;2017;0,729631598;155,6933578;113,5987934;Mkg
All;Rogier/Botanique;01-09-17;2017;0,760702935;113,2237263;86,12962089;Mkg
All;Midi-Lemonnier;01-09-17;2017;0,816099071;107,4275249;87,67150327;Mkg
3 stars;All;01-10-17;2017;0,831073942;98,16908521;81,58576866;Mkg
4 stars;All;01-10-17;2017;0,773595616;126,6281549;97,95898552;Mkg
5 stars;All;01-10-17;2017;0,713177934;161,9267191;115,4825629;Mkg
All;All;01-10-17;2017;0,789237425;117,8710407;93,02823666;Mkg
All;Autour du Ring;01-10-17;2017;0,741366702;96,51340421;71,55182417;Mkg
All;Brussels Airport;01-10-17;2017;0,727720797;120,8270125;87,92832985;Mkg
All;Grand Place & environs;01-10-17;2017;0,842698;120,2278837;101,3157971;Mkg
All;Quartier Louise;01-10-17;2017;0,820705385;117,9246752;96,78141596;Mkg
All;Quartier Européen;01-10-17;2017;0,747291782;149,5831951;111,7822923;Mkg
All;Rogier/Botanique;01-10-17;2017;0,791621496;104,0545867;82,37184761;Mkg
All;Midi-Lemonnier;01-10-17;2017;0,81255249;103,1230372;83,79288068;Mkg
