"finanzquelle","seeAlso","titel_de","beschreibung_de","titel_fr","beschreibung_fr","gruppierung"
"ETH-Rat","https://www.wikidata.org/entity/Q3515551","Rat der Eidgenössischen Technischen Hochschulen ETH-Rat","Grundfinanzierung des ETH-Bereichs durch den Bund (Leistungsauftrag inkl. Anteil Aktionsplan koordinierte Energieforschung Schweiz)","Conseil des écoles polytechniques fédérales CEPF","Financement de base du domaine des EPF par la Confédération (mandat de prestations, y c. part de plan d'action 'Recherche énergétique suisse coordonnée')","Bundesstellen"
"SNF","https://www.wikidata.org/entity/Q471732","Schweizerischer Nationalfonds zur Förderung der wissenschaftlichen Forschung SNF","Projekt- und Karriereförderung sowie Programme (inkl. NFP 70/71 und Anteil Aktionsplan koordinierte Energieforschung Schweiz); Overhead; Personalaufwand für Forschungskoordination","Fonds national suisse de la recherche scientifique FNS","Encouragement de projets et de carrières ainsi que programmes (y c. PNR 70/71 et part de plan d'action 'Recherche énergétique suisse coordonnée'); overhead; charges de personnel pour la coordination de la recherche","Bundesstellen"
"KTI","https://www.wikidata.org/entity/Q30296532","Kommission für Technologie und Innovation KTI (ab 2019: INNOSUISSE)","Projektförderung sowie Förderprogramm Energie (SCCER, Anteil Aktionsplan koordinierte Energieforschung Schweiz); Personalaufwand für Forschungskoordination","Commission pour la technologie et l'innovation CTI (depuis 2019: INNOSUISSE)","Promotion de projets et programme d'encouragement Energie (SCCER, part de plan d'action Recherche énergétique suisse coordonnée); charges de personnel pour la coordination de la recherche","Bundesstellen"
"INNOSUISSE","https://www.wikidata.org/entity/Q30296532","Schweizerische Agentur für Innovationsförderung INNOSUISSE (bis Ende 2017: KTI)","Projektförderung sowie Förderprogramm Energie (SCCER, Anteil Aktionsplan koordinierte Energieforschung Schweiz); Personalaufwand für Forschungskoordination","Agence suisse pour l’encouragement de l’innovation INNOSUISSE (jusqu'à la fin de 2017: CTI)","Promotion de projets et programme d'encouragement Energie (SCCER, part de plan d'action Recherche énergétique suisse coordonnée); charges de personnel pour la coordination de la recherche;","Bundesstellen"
"BFE","https://www.wikidata.org/entity/Q1005430","Bundesamt für Energie BFE","Ressortforschung BFE (Forschung und Entwicklung, Pilot und Demonstration); Personalaufwand für Forschungskoordination","Office fédéral de l’énergie OFEN","Recherche sectorielle OFEN (recherche et développement; projets pilotes et de démonstration); charges de personnel pour la coordination de la recherche","Bundesstellen"
"ENSI","https://www.wikidata.org/entity/Q1302638","Eidgenössisches Nuklearsicherheitsinspektorat ENSI","Ressortforschung ENSI; Personalaufwand für Forschungskoordination","Inspection fédérale de la sécurité nucléaire IFSN","Recherche sectorielle IFSN; charges de personnel pour la coordination de la recherche","Bundesstellen"
"SBFI","https://www.wikidata.org/entity/Q2325266","Staatssekretariat für Bildung, Forschung und Innovation SBFI","Schweizer Übergangsmassnahmen für Horizon 2020/EMPIR, ohne Beiträge an internationale Organisationen und Programme; Personalaufwand für Forschungskoordination","Secrétariat d'Etat à la formation, à la recherche et à l'innovation SEFRI","Mesures transitoires suisses pour Horizon 2020/EMPIR, sans contributions à des organisations et à des programmes internationaux; charges de personnel pour la coordination de la recherche","Bundesstellen"
"Andere Bund","","Andere Bund","Ressortforschung anderer Bundesstellen (insb. ASTRA, BAFU, BAV, BLW, METAS); Personalaufwand für Forschungskoordination","Autres confédération","Recherche sectorielle d'autres services fédéraux (en particulier OFROU, OFEV, OFT, OFAG, METAS); charges de personnel pour la coordination de la recherche","Bundesstellen"
"EU","https://www.wikidata.org/entity/Q458","EU","FP7, Horizon 2020, EURATOM, F4E, IO und EMRP/EMPIR","UE","FP7, Horizon 2020, Euratom, F4E, IO et EMRP/EMPIR","Ausland"
"Kantone","https://www.wikidata.org/entity/Q23058","Kanton","Grundfinanzierung der Universitäten und Fachhochschulen durch die Kantone sowie kantonale Programme und Forschungsaufträge","Canton","Financement de base des universités et des hautes écoles spécialisées par les cantons ainsi que programmes et mandats de recherche cantonaux","Kantone"